"Name","Designation","Company","Industry","Email","Phone number","Country"
"Leanne Graham","","[object Object]","","Sincere@april.biz","",""
"Ervin Howell","","[object Object]","","Shanna@melissa.tv","",""
"Clementine Bauch","","[object Object]","","Nathan@yesenia.net","",""
"Patricia Lebsack","","[object Object]","","Julianne.OConner@kory.org","",""
"Chelsey Dietrich","","[object Object]","","Lucio_Hettinger@annie.ca","",""
"Mrs. Dennis Schulist","","[object Object]","","Karley_Dach@jasper.info","",""
"Kurtis Weissnat","","[object Object]","","Telly.Hoeger@billy.biz","",""
"Nicholas Runolfsdottir V","","[object Object]","","Sherwood@rosamond.me","",""
"Glenna Reichert","","[object Object]","","Chaim_McDermott@dana.io","",""
"Clementina DuBuque","","[object Object]","","Rey.Padberg@karina.biz","",""